"test+1@neen.it","asparago123"
"test+2@neen.it","asparago123"
"test+3@neen.it","asparago123"
"test+4@neen.it","asparago123"
"test+5@neen.it","asparago123"
"test+6@neen.it","asparago123"
"test+7@neen.it","asparago123"
"test+8@neen.it","asparago123"
"test+9@neen.it","asparago123"
"test+10@neen.it","asparago123"
"test+11@neen.it","asparago123"
"test+12@neen.it","asparago123"
"test+13@neen.it","asparago123"
"test+14@neen.it","asparago123"
"test+15@neen.it","asparago123"
"test+16@neen.it","asparago123"
"test+17@neen.it","asparago123"
"test+18@neen.it","asparago123"
"test+19@neen.it","asparago123"
"test+20@neen.it","asparago123"
"test+21@neen.it","asparago123"
"test+22@neen.it","asparago123"
"test+23@neen.it","asparago123"
"test+24@neen.it","asparago123"
"test+25@neen.it","asparago123"
"test+26@neen.it","asparago123"
"test+27@neen.it","asparago123"
"test+28@neen.it","asparago123"
"test+29@neen.it","asparago123"
"test+30@neen.it","asparago123"
"test+31@neen.it","asparago123"
"test+32@neen.it","asparago123"
"test+33@neen.it","asparago123"
"test+34@neen.it","asparago123"
"test+35@neen.it","asparago123"
"test+36@neen.it","asparago123"
"test+37@neen.it","asparago123"
"test+38@neen.it","asparago123"
"test+39@neen.it","asparago123"
"test+40@neen.it","asparago123"
"test+41@neen.it","asparago123"
"test+42@neen.it","asparago123"
"test+43@neen.it","asparago123"
"test+44@neen.it","asparago123"
"test+45@neen.it","asparago123"
"test+46@neen.it","asparago123"
"test+47@neen.it","asparago123"
"test+48@neen.it","asparago123"
"test+49@neen.it","asparago123"
"test+50@neen.it","asparago123"
